{"type": "metrics", "dataset": "train", "precision": 0.6991575663026521, "balanced_accuracy": 0.6624278045784084, "recall": 0.37396825396825395, "f1_score": 0.4848401701193579}
{"type": "metrics", "dataset": "test", "precision": 0.6754542190305206, "balanced_accuracy": 0.6703494170892694, "recall": 0.39244491080797483, "f1_score": 0.495364238410596}
{"type": "cm_matrix", "dataset": "train", "true_0": {"predicted_0": 15451, "predicted_1": 797}, "true_1": {"predicted_0": 2958, "predicted_1": 1767}}
{"type": "cm_matrix", "dataset": "test", "true_0": {"predicted_0": 6717, "predicted_1": 366}, "true_1": {"predicted_0": 1158, "predicted_1": 748}}
